region,year,yield
A,2020,4.254806402114225
A,2021,2.6671704433066985
B,2020,2.6455375348577177
B,2021,4.638287423135718
C,2020,4.40141621501906
C,2021,2.5152081727722435
