region,year,NIR,Red,pH,Organic_Matter
A,2020,0.6672828991076698,0.29923530174408147,7.161792774355358,4.482720094551461
A,2021,0.4797044520833957,0.280568614155996,5.745041551594742,3.0805640447276392
B,2020,0.7282887693558888,0.3067878892741999,6.531196543676213,4.342289999172529
B,2021,0.5282700257542621,0.26271826406557003,6.66170329858159,3.918905560222139
C,2020,0.4535279073554928,0.2005267667609682,7.4424042822334,1.0840151717949973
C,2021,0.4018972551169189,0.31083278580244056,5.880047256167506,2.437797975480575
