region,year,rainfall,temperature
A,2020,676.0423264616874,23.670541637899053
A,2021,1478.2839762496978,26.14604862828044
B,2020,1125.780830376848,26.09725255652258
B,2021,951.2710344633468,21.179950038764503
C,2020,717.0961221430402,24.075509565517553
C,2021,952.5644078425528,22.549989315106725
